Workbook

Sheet Identity
A1: Video ID | B1: Date Posted | C1: Final Title | D1: Video URL | E1: Length | F1: Topic
A2: LF-001
A3: LF-002
A4: LF-003
A5: LF-004
A6: LF-005
A7: LF-006
A8: LF-007
A9: LF-008
A10: LF-009
A11: LF-010
A12: LF-011
A13: LF-012
... A51: LF-050

Sheet Creative
A1: Video ID | B1: A/B Title 1 | C1: A/B Title 2 | D1: A/B Title 3 | E1: Winning Title # | F1: Winning Style | G1: Thumbnail URL | H1: Face Y/N | I1: Face Emotion | J1: Word Count | K1: Words Used | L1: Background | M1: Color Palette | N1: Hook Script | O1: Hook Style | P1: Intro Length sec | Q1: Time-to-Value sec
A2: =IF(Identity!A2="","",Identity!A2)
A3: =IF(Identity!A3="","",Identity!A3)
A4: =IF(Identity!A4="","",Identity!A4)
A5: =IF(Identity!A5="","",Identity!A5)
A6: =IF(Identity!A6="","",Identity!A6)
A7: =IF(Identity!A7="","",Identity!A7)
A8: =IF(Identity!A8="","",Identity!A8)
A9: =IF(Identity!A9="","",Identity!A9)
A10: =IF(Identity!A10="","",Identity!A10)
A11: =IF(Identity!A11="","",Identity!A11)
A12: =IF(Identity!A12="","",Identity!A12)
A13: =IF(Identity!A13="","",Identity!A13)
... A51: =IF(Identity!A51="","",Identity!A51)

Sheet Performance
A1: Video ID | B1: 24hr CTR% | C1: 7-day CTR% | D1: 30-day CTR% | E1: Drop-off Rate% | F1: Drop-off Timestamp | G1: AVD | H1: 7-day Views | I1: 30-day Views
A2: =IF(Identity!A2="","",Identity!A2)
A3: =IF(Identity!A3="","",Identity!A3)
A4: =IF(Identity!A4="","",Identity!A4)
A5: =IF(Identity!A5="","",Identity!A5)
A6: =IF(Identity!A6="","",Identity!A6)
A7: =IF(Identity!A7="","",Identity!A7)
A8: =IF(Identity!A8="","",Identity!A8)
A9: =IF(Identity!A9="","",Identity!A9)
A10: =IF(Identity!A10="","",Identity!A10)
A11: =IF(Identity!A11="","",Identity!A11)
A12: =IF(Identity!A12="","",Identity!A12)
A13: =IF(Identity!A13="","",Identity!A13)
... A51: =IF(Identity!A51="","",Identity!A51)

Sheet Conversion
A1: Video ID | B1: CTAs Used | C1: Click-throughs | D1: Engagement Rate | E1: Calls Booked | F1: Notes
A2: =IF(Identity!A2="","",Identity!A2)
A3: =IF(Identity!A3="","",Identity!A3)
A4: =IF(Identity!A4="","",Identity!A4)
A5: =IF(Identity!A5="","",Identity!A5)
A6: =IF(Identity!A6="","",Identity!A6)
A7: =IF(Identity!A7="","",Identity!A7)
A8: =IF(Identity!A8="","",Identity!A8)
A9: =IF(Identity!A9="","",Identity!A9)
A10: =IF(Identity!A10="","",Identity!A10)
A11: =IF(Identity!A11="","",Identity!A11)
A12: =IF(Identity!A12="","",Identity!A12)
A13: =IF(Identity!A13="","",Identity!A13)
... A51: =IF(Identity!A51="","",Identity!A51)

Sheet Dashboard
A1: Overall Health
A2: Total videos logged | B2: =COUNTA(Identity!C2:C51)
A3: Total 7-day views | B3: =SUM(Performance!H2:H51)
A4: Total 30-day views | B4: =SUM(Performance!I2:I51)
A5: Avg 24hr CTR% | B5: =IFERROR(AVERAGE(Performance!B2:B51),0)
A6: Avg 7-day CTR% | B6: =IFERROR(AVERAGE(Performance!C2:C51),0)
A7: Avg 30-day CTR% | B7: =IFERROR(AVERAGE(Performance!D2:D51),0)
A8: Avg drop-off rate% | B8: =IFERROR(AVERAGE(Performance!E2:E51),0)
A9: Total calls booked | B9: =SUM(Conversion!E2:E51)
A10: Best video (7-day CTR) | B10: =IFERROR(INDEX(Identity!C2:C51,MATCH(MAX(Performance!C2:C51),Performance!C2:C51,0)),"") | C10: 7-day CTR | D10: =IFERROR(MAX(Performance!C2:C51),0)
A11: Worst video (7-day CTR) | B11: =IFERROR(INDEX(Identity!C2:C51,MATCH(MIN(Performance!C2:C51),Performance!C2:C51,0)),"") | C11: 7-day CTR | D11: =IFERROR(MIN(Performance!C2:C51),0)
A14: Pattern Recognition
A15: Avg 7-day CTR by Title Style
A16: Curiosity | B16: =IFERROR(AVERAGEIFS(Performance!C2:C51,Creative!F2:F51,"Curiosity"),0)
A17: List | B17: =IFERROR(AVERAGEIFS(Performance!C2:C51,Creative!F2:F51,"List"),0)
A18: How-To | B18: =IFERROR(AVERAGEIFS(Performance!C2:C51,Creative!F2:F51,"How-To"),0)
A19: Question | B19: =IFERROR(AVERAGEIFS(Performance!C2:C51,Creative!F2:F51,"Question"),0)
A20: Shock | B20: =IFERROR(AVERAGEIFS(Performance!C2:C51,Creative!F2:F51,"Shock"),0)
A22: Avg 7-day CTR by Hook Style
A23: Question | B23: =IFERROR(AVERAGEIFS(Performance!C2:C51,Creative!O2:O51,"Question"),0)
A24: Stat | B24: =IFERROR(AVERAGEIFS(Performance!C2:C51,Creative!O2:O51,"Stat"),0)
A25: Story | B25: =IFERROR(AVERAGEIFS(Performance!C2:C51,Creative!O2:O51,"Story"),0)
A26: Bold Claim | B26: =IFERROR(AVERAGEIFS(Performance!C2:C51,Creative!O2:O51,"Bold Claim"),0)
A27: Pattern Interrupt | B27: =IFERROR(AVERAGEIFS(Performance!C2:C51,Creative!O2:O51,"Pattern Interrupt"),0)
A29: Avg 7-day CTR by Face on Thumbnail
A30: Face = Y | B30: =IFERROR(AVERAGEIFS(Performance!C2:C51,Creative!H2:H51,"Y"),0)
A31: Face = N | B31: =IFERROR(AVERAGEIFS(Performance!C2:C51,Creative!H2:H51,"N"),0)
A33: Avg 7-day CTR by Word Count Bucket
A34: 1-3 words | B34: =IFERROR(AVERAGEIFS(Performance!C2:C51,Creative!J2:J51,">=1",Creative!J2:J51,"<=3"),0)
A35: 4-6 words | B35: =IFERROR(AVERAGEIFS(Performance!C2:C51,Creative!J2:J51,">=4",Creative!J2:J51,"<=6"),0)
A36: 7-9 words | B36: =IFERROR(AVERAGEIFS(Performance!C2:C51,Creative!J2:J51,">=7",Creative!J2:J51,"<=9"),0)
A37: 10+ words | B37: =IFERROR(AVERAGEIFS(Performance!C2:C51,Creative!J2:J51,">=10",Creative!J2:J51,"<=999"),0)
A39: Correlation: Intro Length vs Drop-off | B39: =IFERROR(CORREL(Creative!P2:P51,Performance!E2:E51),"n/a")
A42: Top 5 by 7-day CTR
A43: Rank | B43: Video ID | C43: Final Title | D43: 7-day CTR | E43: 7-day Views | F43: Drop-off Rate | G43: Winning Style | H43: Hook Style | I43: Calls Booked
A44: 1 | B44: =IFERROR(INDEX(Identity!A2:A51,MATCH(LARGE(Performance!C2:C51,1),Performance!C2:C51,0)),"") | C44: =IFERROR(INDEX(Identity!C2:C51,MATCH(LARGE(Performance!C2:C51,1),Performance!C2:C51,0)),"") | D44: =IFERROR(LARGE(Performance!C2:C51,1),"") | E44: =IFERROR(INDEX(Performance!H2:H51,MATCH(LARGE(Performance!C2:C51,1),Performance!C2:C51,0)),"") | F44: =IFERROR(INDEX(Performance!E2:E51,MATCH(LARGE(Performance!C2:C51,1),Performance!C2:C51,0)),"") | G44: =IFERROR(INDEX(Creative!F2:F51,MATCH(LARGE(Performance!C2:C51,1),Performance!C2:C51,0)),"") | H44: =IFERROR(INDEX(Creative!O2:O51,MATCH(LARGE(Performance!C2:C51,1),Performance!C2:C51,0)),"") | I44: =IFERROR(INDEX(Conversion!E2:E51,MATCH(LARGE(Performance!C2:C51,1),Performance!C2:C51,0)),"")
A45: 2 | B45: =IFERROR(INDEX(Identity!A2:A51,MATCH(LARGE(Performance!C2:C51,2),Performance!C2:C51,0)),"") | C45: =IFERROR(INDEX(Identity!C2:C51,MATCH(LARGE(Performance!C2:C51,2),Performance!C2:C51,0)),"") | D45: =IFERROR(LARGE(Performance!C2:C51,2),"") | E45: =IFERROR(INDEX(Performance!H2:H51,MATCH(LARGE(Performance!C2:C51,2),Performance!C2:C51,0)),"") | F45: =IFERROR(INDEX(Performance!E2:E51,MATCH(LARGE(Performance!C2:C51,2),Performance!C2:C51,0)),"") | G45: =IFERROR(INDEX(Creative!F2:F51,MATCH(LARGE(Performance!C2:C51,2),Performance!C2:C51,0)),"") | H45: =IFERROR(INDEX(Creative!O2:O51,MATCH(LARGE(Performance!C2:C51,2),Performance!C2:C51,0)),"") | I45: =IFERROR(INDEX(Conversion!E2:E51,MATCH(LARGE(Performance!C2:C51,2),Performance!C2:C51,0)),"")
A46: 3 | B46: =IFERROR(INDEX(Identity!A2:A51,MATCH(LARGE(Performance!C2:C51,3),Performance!C2:C51,0)),"") | C46: =IFERROR(INDEX(Identity!C2:C51,MATCH(LARGE(Performance!C2:C51,3),Performance!C2:C51,0)),"") | D46: =IFERROR(LARGE(Performance!C2:C51,3),"") | E46: =IFERROR(INDEX(Performance!H2:H51,MATCH(LARGE(Performance!C2:C51,3),Performance!C2:C51,0)),"") | F46: =IFERROR(INDEX(Performance!E2:E51,MATCH(LARGE(Performance!C2:C51,3),Performance!C2:C51,0)),"") | G46: =IFERROR(INDEX(Creative!F2:F51,MATCH(LARGE(Performance!C2:C51,3),Performance!C2:C51,0)),"") | H46: =IFERROR(INDEX(Creative!O2:O51,MATCH(LARGE(Performance!C2:C51,3),Performance!C2:C51,0)),"") | I46: =IFERROR(INDEX(Conversion!E2:E51,MATCH(LARGE(Performance!C2:C51,3),Performance!C2:C51,0)),"")
A47: 4 | B47: =IFERROR(INDEX(Identity!A2:A51,MATCH(LARGE(Performance!C2:C51,4),Performance!C2:C51,0)),"") | C47: =IFERROR(INDEX(Identity!C2:C51,MATCH(LARGE(Performance!C2:C51,4),Performance!C2:C51,0)),"") | D47: =IFERROR(LARGE(Performance!C2:C51,4),"") | E47: =IFERROR(INDEX(Performance!H2:H51,MATCH(LARGE(Performance!C2:C51,4),Performance!C2:C51,0)),"") | F47: =IFERROR(INDEX(Performance!E2:E51,MATCH(LARGE(Performance!C2:C51,4),Performance!C2:C51,0)),"") | G47: =IFERROR(INDEX(Creative!F2:F51,MATCH(LARGE(Performance!C2:C51,4),Performance!C2:C51,0)),"") | H47: =IFERROR(INDEX(Creative!O2:O51,MATCH(LARGE(Performance!C2:C51,4),Performance!C2:C51,0)),"") | I47: =IFERROR(INDEX(Conversion!E2:E51,MATCH(LARGE(Performance!C2:C51,4),Performance!C2:C51,0)),"")
A48: 5 | B48: =IFERROR(INDEX(Identity!A2:A51,MATCH(LARGE(Performance!C2:C51,5),Performance!C2:C51,0)),"") | C48: =IFERROR(INDEX(Identity!C2:C51,MATCH(LARGE(Performance!C2:C51,5),Performance!C2:C51,0)),"") | D48: =IFERROR(LARGE(Performance!C2:C51,5),"") | E48: =IFERROR(INDEX(Performance!H2:H51,MATCH(LARGE(Performance!C2:C51,5),Performance!C2:C51,0)),"") | F48: =IFERROR(INDEX(Performance!E2:E51,MATCH(LARGE(Performance!C2:C51,5),Performance!C2:C51,0)),"") | G48: =IFERROR(INDEX(Creative!F2:F51,MATCH(LARGE(Performance!C2:C51,5),Performance!C2:C51,0)),"") | H48: =IFERROR(INDEX(Creative!O2:O51,MATCH(LARGE(Performance!C2:C51,5),Performance!C2:C51,0)),"") | I48: =IFERROR(INDEX(Conversion!E2:E51,MATCH(LARGE(Performance!C2:C51,5),Performance!C2:C51,0)),"")

Sheet AI Export
A1: CONTEXT FOR AI: This sheet is a flat denormalized export of a YouTube content tracker. Each row (starting row 3) is one video, joined across four source sheets (Identity, Creative, Performance, Conversion) by Video ID. Columns in row 2 are headers. Identity captures publishing metadata. Creative captures title/thumbnail/hook design choices and A/B variants. Performance captures click-through and retention metrics at 24hr / 7-day / 30-day windows plus drop-off and average view duration. Conversion captures CTAs, click-throughs, engagement rate, calls booked, and free-form notes. CTR / drop-off / engagement values are stored as decimals (e.g., 0.05 = 5%). Use this view to identify which creative levers (title style, hook style, face on thumbnail, word count, intro length) correlate with higher CTR, lower drop-off, and more calls booked. Empty cells mean no data was logged.
A2: Video ID | B2: Date Posted | C2: Final Title | D2: Video URL | E2: Length | F2: Topic | G2: A/B Title 1 | H2: A/B Title 2 | I2: A/B Title 3 | J2: Winning Title # | K2: Winning Style | L2: Thumbnail URL | M2: Face Y/N | N2: Face Emotion | O2: Word Count | P2: Words Used | Q2: Background | R2: Color Palette | S2: Hook Script | T2: Hook Style | U2: Intro Length sec | V2: Time-to-Value sec | W2: 24hr CTR% | X2: 7-day CTR% | Y2: 30-day CTR% | Z2: Drop-off Rate% | AA2: Drop-off Timestamp | AB2: AVD | AC2: 7-day Views | AD2: 30-day Views | AE2: CTAs Used | AF2: Click-throughs | AG2: Engagement Rate | AH2: Calls Booked | AI2: Notes
A3: =IF(Identity!A2="","",Identity!A2) | B3: =IF(Identity!B2="","",Identity!B2) | C3: =IF(Identity!C2="","",Identity!C2) | D3: =IF(Identity!D2="","",Identity!D2) | E3: =IF(Identity!E2="","",Identity!E2) | F3: =IF(Identity!F2="","",Identity!F2) | G3: =IFERROR(INDEX(Creative!B:B,MATCH(Identity!A2,Creative!A:A,0)),"") | H3: =IFERROR(INDEX(Creative!C:C,MATCH(Identity!A2,Creative!A:A,0)),"") | I3: =IFERROR(INDEX(Creative!D:D,MATCH(Identity!A2,Creative!A:A,0)),"") | J3: =IFERROR(INDEX(Creative!E:E,MATCH(Identity!A2,Creative!A:A,0)),"") | K3: =IFERROR(INDEX(Creative!F:F,MATCH(Identity!A2,Creative!A:A,0)),"") | L3: =IFERROR(INDEX(Creative!G:G,MATCH(Identity!A2,Creative!A:A,0)),"") | M3: =IFERROR(INDEX(Creative!H:H,MATCH(Identity!A2,Creative!A:A,0)),"") | N3: =IFERROR(INDEX(Creative!I:I,MATCH(Identity!A2,Creative!A:A,0)),"") | O3: =IFERROR(INDEX(Creative!J:J,MATCH(Identity!A2,Creative!A:A,0)),"") | P3: =IFERROR(INDEX(Creative!K:K,MATCH(Identity!A2,Creative!A:A,0)),"") | Q3: =IFERROR(INDEX(Creative!L:L,MATCH(Identity!A2,Creative!A:A,0)),"") | R3: =IFERROR(INDEX(Creative!M:M,MATCH(Identity!A2,Creative!A:A,0)),"") | S3: =IFERROR(INDEX(Creative!N:N,MATCH(Identity!A2,Creative!A:A,0)),"") | T3: =IFERROR(INDEX(Creative!O:O,MATCH(Identity!A2,Creative!A:A,0)),"") | U3: =IFERROR(INDEX(Creative!P:P,MATCH(Identity!A2,Creative!A:A,0)),"") | V3: =IFERROR(INDEX(Creative!Q:Q,MATCH(Identity!A2,Creative!A:A,0)),"") | W3: =IFERROR(INDEX(Performance!B:B,MATCH(Identity!A2,Performance!A:A,0)),"") | X3: =IFERROR(INDEX(Performance!C:C,MATCH(Identity!A2,Performance!A:A,0)),"") | Y3: =IFERROR(INDEX(Performance!D:D,MATCH(Identity!A2,Performance!A:A,0)),"") | Z3: =IFERROR(INDEX(Performance!E:E,MATCH(Identity!A2,Performance!A:A,0)),"") | AA3: =IFERROR(INDEX(Performance!F:F,MATCH(Identity!A2,Performance!A:A,0)),"") | AB3: =IFERROR(INDEX(Performance!G:G,MATCH(Identity!A2,Performance!A:A,0)),"") | AC3: =IFERROR(INDEX(Performance!H:H,MATCH(Identity!A2,Performance!A:A,0)),"") | AD3: =IFERROR(INDEX(Performance!I:I,MATCH(Identity!A2,Performance!A:A,0)),"") | AE3: =IFERROR(INDEX(Conversion!B:B,MATCH(Identity!A2,Conversion!A:A,0)),"") | AF3: =IFERROR(INDEX(Conversion!C:C,MATCH(Identity!A2,Conversion!A:A,0)),"") | AG3: =IFERROR(INDEX(Conversion!D:D,MATCH(Identity!A2,Conversion!A:A,0)),"") | AH3: =IFERROR(INDEX(Conversion!E:E,MATCH(Identity!A2,Conversion!A:A,0)),"") | AI3: =IFERROR(INDEX(Conversion!F:F,MATCH(Identity!A2,Conversion!A:A,0)),"")
A4: =IF(Identity!A3="","",Identity!A3) | B4: =IF(Identity!B3="","",Identity!B3) | C4: =IF(Identity!C3="","",Identity!C3) | D4: =IF(Identity!D3="","",Identity!D3) | E4: =IF(Identity!E3="","",Identity!E3) | F4: =IF(Identity!F3="","",Identity!F3) | G4: =IFERROR(INDEX(Creative!B:B,MATCH(Identity!A3,Creative!A:A,0)),"") | H4: =IFERROR(INDEX(Creative!C:C,MATCH(Identity!A3,Creative!A:A,0)),"") | I4: =IFERROR(INDEX(Creative!D:D,MATCH(Identity!A3,Creative!A:A,0)),"") | J4: =IFERROR(INDEX(Creative!E:E,MATCH(Identity!A3,Creative!A:A,0)),"") | K4: =IFERROR(INDEX(Creative!F:F,MATCH(Identity!A3,Creative!A:A,0)),"") | L4: =IFERROR(INDEX(Creative!G:G,MATCH(Identity!A3,Creative!A:A,0)),"") | M4: =IFERROR(INDEX(Creative!H:H,MATCH(Identity!A3,Creative!A:A,0)),"") | N4: =IFERROR(INDEX(Creative!I:I,MATCH(Identity!A3,Creative!A:A,0)),"") | O4: =IFERROR(INDEX(Creative!J:J,MATCH(Identity!A3,Creative!A:A,0)),"") | P4: =IFERROR(INDEX(Creative!K:K,MATCH(Identity!A3,Creative!A:A,0)),"") | Q4: =IFERROR(INDEX(Creative!L:L,MATCH(Identity!A3,Creative!A:A,0)),"") | R4: =IFERROR(INDEX(Creative!M:M,MATCH(Identity!A3,Creative!A:A,0)),"") | S4: =IFERROR(INDEX(Creative!N:N,MATCH(Identity!A3,Creative!A:A,0)),"") | T4: =IFERROR(INDEX(Creative!O:O,MATCH(Identity!A3,Creative!A:A,0)),"") | U4: =IFERROR(INDEX(Creative!P:P,MATCH(Identity!A3,Creative!A:A,0)),"") | V4: =IFERROR(INDEX(Creative!Q:Q,MATCH(Identity!A3,Creative!A:A,0)),"") | W4: =IFERROR(INDEX(Performance!B:B,MATCH(Identity!A3,Performance!A:A,0)),"") | X4: =IFERROR(INDEX(Performance!C:C,MATCH(Identity!A3,Performance!A:A,0)),"") | Y4: =IFERROR(INDEX(Performance!D:D,MATCH(Identity!A3,Performance!A:A,0)),"") | Z4: =IFERROR(INDEX(Performance!E:E,MATCH(Identity!A3,Performance!A:A,0)),"") | AA4: =IFERROR(INDEX(Performance!F:F,MATCH(Identity!A3,Performance!A:A,0)),"") | AB4: =IFERROR(INDEX(Performance!G:G,MATCH(Identity!A3,Performance!A:A,0)),"") | AC4: =IFERROR(INDEX(Performance!H:H,MATCH(Identity!A3,Performance!A:A,0)),"") | AD4: =IFERROR(INDEX(Performance!I:I,MATCH(Identity!A3,Performance!A:A,0)),"") | AE4: =IFERROR(INDEX(Conversion!B:B,MATCH(Identity!A3,Conversion!A:A,0)),"") | AF4: =IFERROR(INDEX(Conversion!C:C,MATCH(Identity!A3,Conversion!A:A,0)),"") | AG4: =IFERROR(INDEX(Conversion!D:D,MATCH(Identity!A3,Conversion!A:A,0)),"") | AH4: =IFERROR(INDEX(Conversion!E:E,MATCH(Identity!A3,Conversion!A:A,0)),"") | AI4: =IFERROR(INDEX(Conversion!F:F,MATCH(Identity!A3,Conversion!A:A,0)),"")
A5: =IF(Identity!A4="","",Identity!A4) | B5: =IF(Identity!B4="","",Identity!B4) | C5: =IF(Identity!C4="","",Identity!C4) | D5: =IF(Identity!D4="","",Identity!D4) | E5: =IF(Identity!E4="","",Identity!E4) | F5: =IF(Identity!F4="","",Identity!F4) | G5: =IFERROR(INDEX(Creative!B:B,MATCH(Identity!A4,Creative!A:A,0)),"") | H5: =IFERROR(INDEX(Creative!C:C,MATCH(Identity!A4,Creative!A:A,0)),"") | I5: =IFERROR(INDEX(Creative!D:D,MATCH(Identity!A4,Creative!A:A,0)),"") | J5: =IFERROR(INDEX(Creative!E:E,MATCH(Identity!A4,Creative!A:A,0)),"") | K5: =IFERROR(INDEX(Creative!F:F,MATCH(Identity!A4,Creative!A:A,0)),"") | L5: =IFERROR(INDEX(Creative!G:G,MATCH(Identity!A4,Creative!A:A,0)),"") | M5: =IFERROR(INDEX(Creative!H:H,MATCH(Identity!A4,Creative!A:A,0)),"") | N5: =IFERROR(INDEX(Creative!I:I,MATCH(Identity!A4,Creative!A:A,0)),"") | O5: =IFERROR(INDEX(Creative!J:J,MATCH(Identity!A4,Creative!A:A,0)),"") | P5: =IFERROR(INDEX(Creative!K:K,MATCH(Identity!A4,Creative!A:A,0)),"") | Q5: =IFERROR(INDEX(Creative!L:L,MATCH(Identity!A4,Creative!A:A,0)),"") | R5: =IFERROR(INDEX(Creative!M:M,MATCH(Identity!A4,Creative!A:A,0)),"") | S5: =IFERROR(INDEX(Creative!N:N,MATCH(Identity!A4,Creative!A:A,0)),"") | T5: =IFERROR(INDEX(Creative!O:O,MATCH(Identity!A4,Creative!A:A,0)),"") | U5: =IFERROR(INDEX(Creative!P:P,MATCH(Identity!A4,Creative!A:A,0)),"") | V5: =IFERROR(INDEX(Creative!Q:Q,MATCH(Identity!A4,Creative!A:A,0)),"") | W5: =IFERROR(INDEX(Performance!B:B,MATCH(Identity!A4,Performance!A:A,0)),"") | X5: =IFERROR(INDEX(Performance!C:C,MATCH(Identity!A4,Performance!A:A,0)),"") | Y5: =IFERROR(INDEX(Performance!D:D,MATCH(Identity!A4,Performance!A:A,0)),"") | Z5: =IFERROR(INDEX(Performance!E:E,MATCH(Identity!A4,Performance!A:A,0)),"") | AA5: =IFERROR(INDEX(Performance!F:F,MATCH(Identity!A4,Performance!A:A,0)),"") | AB5: =IFERROR(INDEX(Performance!G:G,MATCH(Identity!A4,Performance!A:A,0)),"") | AC5: =IFERROR(INDEX(Performance!H:H,MATCH(Identity!A4,Performance!A:A,0)),"") | AD5: =IFERROR(INDEX(Performance!I:I,MATCH(Identity!A4,Performance!A:A,0)),"") | AE5: =IFERROR(INDEX(Conversion!B:B,MATCH(Identity!A4,Conversion!A:A,0)),"") | AF5: =IFERROR(INDEX(Conversion!C:C,MATCH(Identity!A4,Conversion!A:A,0)),"") | AG5: =IFERROR(INDEX(Conversion!D:D,MATCH(Identity!A4,Conversion!A:A,0)),"") | AH5: =IFERROR(INDEX(Conversion!E:E,MATCH(Identity!A4,Conversion!A:A,0)),"") | AI5: =IFERROR(INDEX(Conversion!F:F,MATCH(Identity!A4,Conversion!A:A,0)),"")
A6: =IF(Identity!A5="","",Identity!A5) | B6: =IF(Identity!B5="","",Identity!B5) | C6: =IF(Identity!C5="","",Identity!C5) | D6: =IF(Identity!D5="","",Identity!D5) | E6: =IF(Identity!E5="","",Identity!E5) | F6: =IF(Identity!F5="","",Identity!F5) | G6: =IFERROR(INDEX(Creative!B:B,MATCH(Identity!A5,Creative!A:A,0)),"") | H6: =IFERROR(INDEX(Creative!C:C,MATCH(Identity!A5,Creative!A:A,0)),"") | I6: =IFERROR(INDEX(Creative!D:D,MATCH(Identity!A5,Creative!A:A,0)),"") | J6: =IFERROR(INDEX(Creative!E:E,MATCH(Identity!A5,Creative!A:A,0)),"") | K6: =IFERROR(INDEX(Creative!F:F,MATCH(Identity!A5,Creative!A:A,0)),"") | L6: =IFERROR(INDEX(Creative!G:G,MATCH(Identity!A5,Creative!A:A,0)),"") | M6: =IFERROR(INDEX(Creative!H:H,MATCH(Identity!A5,Creative!A:A,0)),"") | N6: =IFERROR(INDEX(Creative!I:I,MATCH(Identity!A5,Creative!A:A,0)),"") | O6: =IFERROR(INDEX(Creative!J:J,MATCH(Identity!A5,Creative!A:A,0)),"") | P6: =IFERROR(INDEX(Creative!K:K,MATCH(Identity!A5,Creative!A:A,0)),"") | Q6: =IFERROR(INDEX(Creative!L:L,MATCH(Identity!A5,Creative!A:A,0)),"") | R6: =IFERROR(INDEX(Creative!M:M,MATCH(Identity!A5,Creative!A:A,0)),"") | S6: =IFERROR(INDEX(Creative!N:N,MATCH(Identity!A5,Creative!A:A,0)),"") | T6: =IFERROR(INDEX(Creative!O:O,MATCH(Identity!A5,Creative!A:A,0)),"") | U6: =IFERROR(INDEX(Creative!P:P,MATCH(Identity!A5,Creative!A:A,0)),"") | V6: =IFERROR(INDEX(Creative!Q:Q,MATCH(Identity!A5,Creative!A:A,0)),"") | W6: =IFERROR(INDEX(Performance!B:B,MATCH(Identity!A5,Performance!A:A,0)),"") | X6: =IFERROR(INDEX(Performance!C:C,MATCH(Identity!A5,Performance!A:A,0)),"") | Y6: =IFERROR(INDEX(Performance!D:D,MATCH(Identity!A5,Performance!A:A,0)),"") | Z6: =IFERROR(INDEX(Performance!E:E,MATCH(Identity!A5,Performance!A:A,0)),"") | AA6: =IFERROR(INDEX(Performance!F:F,MATCH(Identity!A5,Performance!A:A,0)),"") | AB6: =IFERROR(INDEX(Performance!G:G,MATCH(Identity!A5,Performance!A:A,0)),"") | AC6: =IFERROR(INDEX(Performance!H:H,MATCH(Identity!A5,Performance!A:A,0)),"") | AD6: =IFERROR(INDEX(Performance!I:I,MATCH(Identity!A5,Performance!A:A,0)),"") | AE6: =IFERROR(INDEX(Conversion!B:B,MATCH(Identity!A5,Conversion!A:A,0)),"") | AF6: =IFERROR(INDEX(Conversion!C:C,MATCH(Identity!A5,Conversion!A:A,0)),"") | AG6: =IFERROR(INDEX(Conversion!D:D,MATCH(Identity!A5,Conversion!A:A,0)),"") | AH6: =IFERROR(INDEX(Conversion!E:E,MATCH(Identity!A5,Conversion!A:A,0)),"") | AI6: =IFERROR(INDEX(Conversion!F:F,MATCH(Identity!A5,Conversion!A:A,0)),"")
A7: =IF(Identity!A6="","",Identity!A6) | B7: =IF(Identity!B6="","",Identity!B6) | C7: =IF(Identity!C6="","",Identity!C6) | D7: =IF(Identity!D6="","",Identity!D6) | E7: =IF(Identity!E6="","",Identity!E6) | F7: =IF(Identity!F6="","",Identity!F6) | G7: =IFERROR(INDEX(Creative!B:B,MATCH(Identity!A6,Creative!A:A,0)),"") | H7: =IFERROR(INDEX(Creative!C:C,MATCH(Identity!A6,Creative!A:A,0)),"") | I7: =IFERROR(INDEX(Creative!D:D,MATCH(Identity!A6,Creative!A:A,0)),"") | J7: =IFERROR(INDEX(Creative!E:E,MATCH(Identity!A6,Creative!A:A,0)),"") | K7: =IFERROR(INDEX(Creative!F:F,MATCH(Identity!A6,Creative!A:A,0)),"") | L7: =IFERROR(INDEX(Creative!G:G,MATCH(Identity!A6,Creative!A:A,0)),"") | M7: =IFERROR(INDEX(Creative!H:H,MATCH(Identity!A6,Creative!A:A,0)),"") | N7: =IFERROR(INDEX(Creative!I:I,MATCH(Identity!A6,Creative!A:A,0)),"") | O7: =IFERROR(INDEX(Creative!J:J,MATCH(Identity!A6,Creative!A:A,0)),"") | P7: =IFERROR(INDEX(Creative!K:K,MATCH(Identity!A6,Creative!A:A,0)),"") | Q7: =IFERROR(INDEX(Creative!L:L,MATCH(Identity!A6,Creative!A:A,0)),"") | R7: =IFERROR(INDEX(Creative!M:M,MATCH(Identity!A6,Creative!A:A,0)),"") | S7: =IFERROR(INDEX(Creative!N:N,MATCH(Identity!A6,Creative!A:A,0)),"") | T7: =IFERROR(INDEX(Creative!O:O,MATCH(Identity!A6,Creative!A:A,0)),"") | U7: =IFERROR(INDEX(Creative!P:P,MATCH(Identity!A6,Creative!A:A,0)),"") | V7: =IFERROR(INDEX(Creative!Q:Q,MATCH(Identity!A6,Creative!A:A,0)),"") | W7: =IFERROR(INDEX(Performance!B:B,MATCH(Identity!A6,Performance!A:A,0)),"") | X7: =IFERROR(INDEX(Performance!C:C,MATCH(Identity!A6,Performance!A:A,0)),"") | Y7: =IFERROR(INDEX(Performance!D:D,MATCH(Identity!A6,Performance!A:A,0)),"") | Z7: =IFERROR(INDEX(Performance!E:E,MATCH(Identity!A6,Performance!A:A,0)),"") | AA7: =IFERROR(INDEX(Performance!F:F,MATCH(Identity!A6,Performance!A:A,0)),"") | AB7: =IFERROR(INDEX(Performance!G:G,MATCH(Identity!A6,Performance!A:A,0)),"") | AC7: =IFERROR(INDEX(Performance!H:H,MATCH(Identity!A6,Performance!A:A,0)),"") | AD7: =IFERROR(INDEX(Performance!I:I,MATCH(Identity!A6,Performance!A:A,0)),"") | AE7: =IFERROR(INDEX(Conversion!B:B,MATCH(Identity!A6,Conversion!A:A,0)),"") | AF7: =IFERROR(INDEX(Conversion!C:C,MATCH(Identity!A6,Conversion!A:A,0)),"") | AG7: =IFERROR(INDEX(Conversion!D:D,MATCH(Identity!A6,Conversion!A:A,0)),"") | AH7: =IFERROR(INDEX(Conversion!E:E,MATCH(Identity!A6,Conversion!A:A,0)),"") | AI7: =IFERROR(INDEX(Conversion!F:F,MATCH(Identity!A6,Conversion!A:A,0)),"")
A8: =IF(Identity!A7="","",Identity!A7) | B8: =IF(Identity!B7="","",Identity!B7) | C8: =IF(Identity!C7="","",Identity!C7) | D8: =IF(Identity!D7="","",Identity!D7) | E8: =IF(Identity!E7="","",Identity!E7) | F8: =IF(Identity!F7="","",Identity!F7) | G8: =IFERROR(INDEX(Creative!B:B,MATCH(Identity!A7,Creative!A:A,0)),"") | H8: =IFERROR(INDEX(Creative!C:C,MATCH(Identity!A7,Creative!A:A,0)),"") | I8: =IFERROR(INDEX(Creative!D:D,MATCH(Identity!A7,Creative!A:A,0)),"") | J8: =IFERROR(INDEX(Creative!E:E,MATCH(Identity!A7,Creative!A:A,0)),"") | K8: =IFERROR(INDEX(Creative!F:F,MATCH(Identity!A7,Creative!A:A,0)),"") | L8: =IFERROR(INDEX(Creative!G:G,MATCH(Identity!A7,Creative!A:A,0)),"") | M8: =IFERROR(INDEX(Creative!H:H,MATCH(Identity!A7,Creative!A:A,0)),"") | N8: =IFERROR(INDEX(Creative!I:I,MATCH(Identity!A7,Creative!A:A,0)),"") | O8: =IFERROR(INDEX(Creative!J:J,MATCH(Identity!A7,Creative!A:A,0)),"") | P8: =IFERROR(INDEX(Creative!K:K,MATCH(Identity!A7,Creative!A:A,0)),"") | Q8: =IFERROR(INDEX(Creative!L:L,MATCH(Identity!A7,Creative!A:A,0)),"") | R8: =IFERROR(INDEX(Creative!M:M,MATCH(Identity!A7,Creative!A:A,0)),"") | S8: =IFERROR(INDEX(Creative!N:N,MATCH(Identity!A7,Creative!A:A,0)),"") | T8: =IFERROR(INDEX(Creative!O:O,MATCH(Identity!A7,Creative!A:A,0)),"") | U8: =IFERROR(INDEX(Creative!P:P,MATCH(Identity!A7,Creative!A:A,0)),"") | V8: =IFERROR(INDEX(Creative!Q:Q,MATCH(Identity!A7,Creative!A:A,0)),"") | W8: =IFERROR(INDEX(Performance!B:B,MATCH(Identity!A7,Performance!A:A,0)),"") | X8: =IFERROR(INDEX(Performance!C:C,MATCH(Identity!A7,Performance!A:A,0)),"") | Y8: =IFERROR(INDEX(Performance!D:D,MATCH(Identity!A7,Performance!A:A,0)),"") | Z8: =IFERROR(INDEX(Performance!E:E,MATCH(Identity!A7,Performance!A:A,0)),"") | AA8: =IFERROR(INDEX(Performance!F:F,MATCH(Identity!A7,Performance!A:A,0)),"") | AB8: =IFERROR(INDEX(Performance!G:G,MATCH(Identity!A7,Performance!A:A,0)),"") | AC8: =IFERROR(INDEX(Performance!H:H,MATCH(Identity!A7,Performance!A:A,0)),"") | AD8: =IFERROR(INDEX(Performance!I:I,MATCH(Identity!A7,Performance!A:A,0)),"") | AE8: =IFERROR(INDEX(Conversion!B:B,MATCH(Identity!A7,Conversion!A:A,0)),"") | AF8: =IFERROR(INDEX(Conversion!C:C,MATCH(Identity!A7,Conversion!A:A,0)),"") | AG8: =IFERROR(INDEX(Conversion!D:D,MATCH(Identity!A7,Conversion!A:A,0)),"") | AH8: =IFERROR(INDEX(Conversion!E:E,MATCH(Identity!A7,Conversion!A:A,0)),"") | AI8: =IFERROR(INDEX(Conversion!F:F,MATCH(Identity!A7,Conversion!A:A,0)),"")
A9: =IF(Identity!A8="","",Identity!A8) | B9: =IF(Identity!B8="","",Identity!B8) | C9: =IF(Identity!C8="","",Identity!C8) | D9: =IF(Identity!D8="","",Identity!D8) | E9: =IF(Identity!E8="","",Identity!E8) | F9: =IF(Identity!F8="","",Identity!F8) | G9: =IFERROR(INDEX(Creative!B:B,MATCH(Identity!A8,Creative!A:A,0)),"") | H9: =IFERROR(INDEX(Creative!C:C,MATCH(Identity!A8,Creative!A:A,0)),"") | I9: =IFERROR(INDEX(Creative!D:D,MATCH(Identity!A8,Creative!A:A,0)),"") | J9: =IFERROR(INDEX(Creative!E:E,MATCH(Identity!A8,Creative!A:A,0)),"") | K9: =IFERROR(INDEX(Creative!F:F,MATCH(Identity!A8,Creative!A:A,0)),"") | L9: =IFERROR(INDEX(Creative!G:G,MATCH(Identity!A8,Creative!A:A,0)),"") | M9: =IFERROR(INDEX(Creative!H:H,MATCH(Identity!A8,Creative!A:A,0)),"") | N9: =IFERROR(INDEX(Creative!I:I,MATCH(Identity!A8,Creative!A:A,0)),"") | O9: =IFERROR(INDEX(Creative!J:J,MATCH(Identity!A8,Creative!A:A,0)),"") | P9: =IFERROR(INDEX(Creative!K:K,MATCH(Identity!A8,Creative!A:A,0)),"") | Q9: =IFERROR(INDEX(Creative!L:L,MATCH(Identity!A8,Creative!A:A,0)),"") | R9: =IFERROR(INDEX(Creative!M:M,MATCH(Identity!A8,Creative!A:A,0)),"") | S9: =IFERROR(INDEX(Creative!N:N,MATCH(Identity!A8,Creative!A:A,0)),"") | T9: =IFERROR(INDEX(Creative!O:O,MATCH(Identity!A8,Creative!A:A,0)),"") | U9: =IFERROR(INDEX(Creative!P:P,MATCH(Identity!A8,Creative!A:A,0)),"") | V9: =IFERROR(INDEX(Creative!Q:Q,MATCH(Identity!A8,Creative!A:A,0)),"") | W9: =IFERROR(INDEX(Performance!B:B,MATCH(Identity!A8,Performance!A:A,0)),"") | X9: =IFERROR(INDEX(Performance!C:C,MATCH(Identity!A8,Performance!A:A,0)),"") | Y9: =IFERROR(INDEX(Performance!D:D,MATCH(Identity!A8,Performance!A:A,0)),"") | Z9: =IFERROR(INDEX(Performance!E:E,MATCH(Identity!A8,Performance!A:A,0)),"") | AA9: =IFERROR(INDEX(Performance!F:F,MATCH(Identity!A8,Performance!A:A,0)),"") | AB9: =IFERROR(INDEX(Performance!G:G,MATCH(Identity!A8,Performance!A:A,0)),"") | AC9: =IFERROR(INDEX(Performance!H:H,MATCH(Identity!A8,Performance!A:A,0)),"") | AD9: =IFERROR(INDEX(Performance!I:I,MATCH(Identity!A8,Performance!A:A,0)),"") | AE9: =IFERROR(INDEX(Conversion!B:B,MATCH(Identity!A8,Conversion!A:A,0)),"") | AF9: =IFERROR(INDEX(Conversion!C:C,MATCH(Identity!A8,Conversion!A:A,0)),"") | AG9: =IFERROR(INDEX(Conversion!D:D,MATCH(Identity!A8,Conversion!A:A,0)),"") | AH9: =IFERROR(INDEX(Conversion!E:E,MATCH(Identity!A8,Conversion!A:A,0)),"") | AI9: =IFERROR(INDEX(Conversion!F:F,MATCH(Identity!A8,Conversion!A:A,0)),"")
A10: =IF(Identity!A9="","",Identity!A9) | B10: =IF(Identity!B9="","",Identity!B9) | C10: =IF(Identity!C9="","",Identity!C9) | D10: =IF(Identity!D9="","",Identity!D9) | E10: =IF(Identity!E9="","",Identity!E9) | F10: =IF(Identity!F9="","",Identity!F9) | G10: =IFERROR(INDEX(Creative!B:B,MATCH(Identity!A9,Creative!A:A,0)),"") | H10: =IFERROR(INDEX(Creative!C:C,MATCH(Identity!A9,Creative!A:A,0)),"") | I10: =IFERROR(INDEX(Creative!D:D,MATCH(Identity!A9,Creative!A:A,0)),"") | J10: =IFERROR(INDEX(Creative!E:E,MATCH(Identity!A9,Creative!A:A,0)),"") | K10: =IFERROR(INDEX(Creative!F:F,MATCH(Identity!A9,Creative!A:A,0)),"") | L10: =IFERROR(INDEX(Creative!G:G,MATCH(Identity!A9,Creative!A:A,0)),"") | M10: =IFERROR(INDEX(Creative!H:H,MATCH(Identity!A9,Creative!A:A,0)),"") | N10: =IFERROR(INDEX(Creative!I:I,MATCH(Identity!A9,Creative!A:A,0)),"") | O10: =IFERROR(INDEX(Creative!J:J,MATCH(Identity!A9,Creative!A:A,0)),"") | P10: =IFERROR(INDEX(Creative!K:K,MATCH(Identity!A9,Creative!A:A,0)),"") | Q10: =IFERROR(INDEX(Creative!L:L,MATCH(Identity!A9,Creative!A:A,0)),"") | R10: =IFERROR(INDEX(Creative!M:M,MATCH(Identity!A9,Creative!A:A,0)),"") | S10: =IFERROR(INDEX(Creative!N:N,MATCH(Identity!A9,Creative!A:A,0)),"") | T10: =IFERROR(INDEX(Creative!O:O,MATCH(Identity!A9,Creative!A:A,0)),"") | U10: =IFERROR(INDEX(Creative!P:P,MATCH(Identity!A9,Creative!A:A,0)),"") | V10: =IFERROR(INDEX(Creative!Q:Q,MATCH(Identity!A9,Creative!A:A,0)),"") | W10: =IFERROR(INDEX(Performance!B:B,MATCH(Identity!A9,Performance!A:A,0)),"") | X10: =IFERROR(INDEX(Performance!C:C,MATCH(Identity!A9,Performance!A:A,0)),"") | Y10: =IFERROR(INDEX(Performance!D:D,MATCH(Identity!A9,Performance!A:A,0)),"") | Z10: =IFERROR(INDEX(Performance!E:E,MATCH(Identity!A9,Performance!A:A,0)),"") | AA10: =IFERROR(INDEX(Performance!F:F,MATCH(Identity!A9,Performance!A:A,0)),"") | AB10: =IFERROR(INDEX(Performance!G:G,MATCH(Identity!A9,Performance!A:A,0)),"") | AC10: =IFERROR(INDEX(Performance!H:H,MATCH(Identity!A9,Performance!A:A,0)),"") | AD10: =IFERROR(INDEX(Performance!I:I,MATCH(Identity!A9,Performance!A:A,0)),"") | AE10: =IFERROR(INDEX(Conversion!B:B,MATCH(Identity!A9,Conversion!A:A,0)),"") | AF10: =IFERROR(INDEX(Conversion!C:C,MATCH(Identity!A9,Conversion!A:A,0)),"") | AG10: =IFERROR(INDEX(Conversion!D:D,MATCH(Identity!A9,Conversion!A:A,0)),"") | AH10: =IFERROR(INDEX(Conversion!E:E,MATCH(Identity!A9,Conversion!A:A,0)),"") | AI10: =IFERROR(INDEX(Conversion!F:F,MATCH(Identity!A9,Conversion!A:A,0)),"")
A11: =IF(Identity!A10="","",Identity!A10) | B11: =IF(Identity!B10="","",Identity!B10) | C11: =IF(Identity!C10="","",Identity!C10) | D11: =IF(Identity!D10="","",Identity!D10) | E11: =IF(Identity!E10="","",Identity!E10) | F11: =IF(Identity!F10="","",Identity!F10) | G11: =IFERROR(INDEX(Creative!B:B,MATCH(Identity!A10,Creative!A:A,0)),"") | H11: =IFERROR(INDEX(Creative!C:C,MATCH(Identity!A10,Creative!A:A,0)),"") | I11: =IFERROR(INDEX(Creative!D:D,MATCH(Identity!A10,Creative!A:A,0)),"") | J11: =IFERROR(INDEX(Creative!E:E,MATCH(Identity!A10,Creative!A:A,0)),"") | K11: =IFERROR(INDEX(Creative!F:F,MATCH(Identity!A10,Creative!A:A,0)),"") | L11: =IFERROR(INDEX(Creative!G:G,MATCH(Identity!A10,Creative!A:A,0)),"") | M11: =IFERROR(INDEX(Creative!H:H,MATCH(Identity!A10,Creative!A:A,0)),"") | N11: =IFERROR(INDEX(Creative!I:I,MATCH(Identity!A10,Creative!A:A,0)),"") | O11: =IFERROR(INDEX(Creative!J:J,MATCH(Identity!A10,Creative!A:A,0)),"") | P11: =IFERROR(INDEX(Creative!K:K,MATCH(Identity!A10,Creative!A:A,0)),"") | Q11: =IFERROR(INDEX(Creative!L:L,MATCH(Identity!A10,Creative!A:A,0)),"") | R11: =IFERROR(INDEX(Creative!M:M,MATCH(Identity!A10,Creative!A:A,0)),"") | S11: =IFERROR(INDEX(Creative!N:N,MATCH(Identity!A10,Creative!A:A,0)),"") | T11: =IFERROR(INDEX(Creative!O:O,MATCH(Identity!A10,Creative!A:A,0)),"") | U11: =IFERROR(INDEX(Creative!P:P,MATCH(Identity!A10,Creative!A:A,0)),"") | V11: =IFERROR(INDEX(Creative!Q:Q,MATCH(Identity!A10,Creative!A:A,0)),"") | W11: =IFERROR(INDEX(Performance!B:B,MATCH(Identity!A10,Performance!A:A,0)),"") | X11: =IFERROR(INDEX(Performance!C:C,MATCH(Identity!A10,Performance!A:A,0)),"") | Y11: =IFERROR(INDEX(Performance!D:D,MATCH(Identity!A10,Performance!A:A,0)),"") | Z11: =IFERROR(INDEX(Performance!E:E,MATCH(Identity!A10,Performance!A:A,0)),"") | AA11: =IFERROR(INDEX(Performance!F:F,MATCH(Identity!A10,Performance!A:A,0)),"") | AB11: =IFERROR(INDEX(Performance!G:G,MATCH(Identity!A10,Performance!A:A,0)),"") | AC11: =IFERROR(INDEX(Performance!H:H,MATCH(Identity!A10,Performance!A:A,0)),"") | AD11: =IFERROR(INDEX(Performance!I:I,MATCH(Identity!A10,Performance!A:A,0)),"") | AE11: =IFERROR(INDEX(Conversion!B:B,MATCH(Identity!A10,Conversion!A:A,0)),"") | AF11: =IFERROR(INDEX(Conversion!C:C,MATCH(Identity!A10,Conversion!A:A,0)),"") | AG11: =IFERROR(INDEX(Conversion!D:D,MATCH(Identity!A10,Conversion!A:A,0)),"") | AH11: =IFERROR(INDEX(Conversion!E:E,MATCH(Identity!A10,Conversion!A:A,0)),"") | AI11: =IFERROR(INDEX(Conversion!F:F,MATCH(Identity!A10,Conversion!A:A,0)),"")
A12: =IF(Identity!A11="","",Identity!A11) | B12: =IF(Identity!B11="","",Identity!B11) | C12: =IF(Identity!C11="","",Identity!C11) | D12: =IF(Identity!D11="","",Identity!D11) | E12: =IF(Identity!E11="","",Identity!E11) | F12: =IF(Identity!F11="","",Identity!F11) | G12: =IFERROR(INDEX(Creative!B:B,MATCH(Identity!A11,Creative!A:A,0)),"") | H12: =IFERROR(INDEX(Creative!C:C,MATCH(Identity!A11,Creative!A:A,0)),"") | I12: =IFERROR(INDEX(Creative!D:D,MATCH(Identity!A11,Creative!A:A,0)),"") | J12: =IFERROR(INDEX(Creative!E:E,MATCH(Identity!A11,Creative!A:A,0)),"") | K12: =IFERROR(INDEX(Creative!F:F,MATCH(Identity!A11,Creative!A:A,0)),"") | L12: =IFERROR(INDEX(Creative!G:G,MATCH(Identity!A11,Creative!A:A,0)),"") | M12: =IFERROR(INDEX(Creative!H:H,MATCH(Identity!A11,Creative!A:A,0)),"") | N12: =IFERROR(INDEX(Creative!I:I,MATCH(Identity!A11,Creative!A:A,0)),"") | O12: =IFERROR(INDEX(Creative!J:J,MATCH(Identity!A11,Creative!A:A,0)),"") | P12: =IFERROR(INDEX(Creative!K:K,MATCH(Identity!A11,Creative!A:A,0)),"") | Q12: =IFERROR(INDEX(Creative!L:L,MATCH(Identity!A11,Creative!A:A,0)),"") | R12: =IFERROR(INDEX(Creative!M:M,MATCH(Identity!A11,Creative!A:A,0)),"") | S12: =IFERROR(INDEX(Creative!N:N,MATCH(Identity!A11,Creative!A:A,0)),"") | T12: =IFERROR(INDEX(Creative!O:O,MATCH(Identity!A11,Creative!A:A,0)),"") | U12: =IFERROR(INDEX(Creative!P:P,MATCH(Identity!A11,Creative!A:A,0)),"") | V12: =IFERROR(INDEX(Creative!Q:Q,MATCH(Identity!A11,Creative!A:A,0)),"") | W12: =IFERROR(INDEX(Performance!B:B,MATCH(Identity!A11,Performance!A:A,0)),"") | X12: =IFERROR(INDEX(Performance!C:C,MATCH(Identity!A11,Performance!A:A,0)),"") | Y12: =IFERROR(INDEX(Performance!D:D,MATCH(Identity!A11,Performance!A:A,0)),"") | Z12: =IFERROR(INDEX(Performance!E:E,MATCH(Identity!A11,Performance!A:A,0)),"") | AA12: =IFERROR(INDEX(Performance!F:F,MATCH(Identity!A11,Performance!A:A,0)),"") | AB12: =IFERROR(INDEX(Performance!G:G,MATCH(Identity!A11,Performance!A:A,0)),"") | AC12: =IFERROR(INDEX(Performance!H:H,MATCH(Identity!A11,Performance!A:A,0)),"") | AD12: =IFERROR(INDEX(Performance!I:I,MATCH(Identity!A11,Performance!A:A,0)),"") | AE12: =IFERROR(INDEX(Conversion!B:B,MATCH(Identity!A11,Conversion!A:A,0)),"") | AF12: =IFERROR(INDEX(Conversion!C:C,MATCH(Identity!A11,Conversion!A:A,0)),"") | AG12: =IFERROR(INDEX(Conversion!D:D,MATCH(Identity!A11,Conversion!A:A,0)),"") | AH12: =IFERROR(INDEX(Conversion!E:E,MATCH(Identity!A11,Conversion!A:A,0)),"") | AI12: =IFERROR(INDEX(Conversion!F:F,MATCH(Identity!A11,Conversion!A:A,0)),"")
A13: =IF(Identity!A12="","",Identity!A12) | B13: =IF(Identity!B12="","",Identity!B12) | C13: =IF(Identity!C12="","",Identity!C12) | D13: =IF(Identity!D12="","",Identity!D12) | E13: =IF(Identity!E12="","",Identity!E12) | F13: =IF(Identity!F12="","",Identity!F12) | G13: =IFERROR(INDEX(Creative!B:B,MATCH(Identity!A12,Creative!A:A,0)),"") | H13: =IFERROR(INDEX(Creative!C:C,MATCH(Identity!A12,Creative!A:A,0)),"") | I13: =IFERROR(INDEX(Creative!D:D,MATCH(Identity!A12,Creative!A:A,0)),"") | J13: =IFERROR(INDEX(Creative!E:E,MATCH(Identity!A12,Creative!A:A,0)),"") | K13: =IFERROR(INDEX(Creative!F:F,MATCH(Identity!A12,Creative!A:A,0)),"") | L13: =IFERROR(INDEX(Creative!G:G,MATCH(Identity!A12,Creative!A:A,0)),"") | M13: =IFERROR(INDEX(Creative!H:H,MATCH(Identity!A12,Creative!A:A,0)),"") | N13: =IFERROR(INDEX(Creative!I:I,MATCH(Identity!A12,Creative!A:A,0)),"") | O13: =IFERROR(INDEX(Creative!J:J,MATCH(Identity!A12,Creative!A:A,0)),"") | P13: =IFERROR(INDEX(Creative!K:K,MATCH(Identity!A12,Creative!A:A,0)),"") | Q13: =IFERROR(INDEX(Creative!L:L,MATCH(Identity!A12,Creative!A:A,0)),"") | R13: =IFERROR(INDEX(Creative!M:M,MATCH(Identity!A12,Creative!A:A,0)),"") | S13: =IFERROR(INDEX(Creative!N:N,MATCH(Identity!A12,Creative!A:A,0)),"") | T13: =IFERROR(INDEX(Creative!O:O,MATCH(Identity!A12,Creative!A:A,0)),"") | U13: =IFERROR(INDEX(Creative!P:P,MATCH(Identity!A12,Creative!A:A,0)),"") | V13: =IFERROR(INDEX(Creative!Q:Q,MATCH(Identity!A12,Creative!A:A,0)),"") | W13: =IFERROR(INDEX(Performance!B:B,MATCH(Identity!A12,Performance!A:A,0)),"") | X13: =IFERROR(INDEX(Performance!C:C,MATCH(Identity!A12,Performance!A:A,0)),"") | Y13: =IFERROR(INDEX(Performance!D:D,MATCH(Identity!A12,Performance!A:A,0)),"") | Z13: =IFERROR(INDEX(Performance!E:E,MATCH(Identity!A12,Performance!A:A,0)),"") | AA13: =IFERROR(INDEX(Performance!F:F,MATCH(Identity!A12,Performance!A:A,0)),"") | AB13: =IFERROR(INDEX(Performance!G:G,MATCH(Identity!A12,Performance!A:A,0)),"") | AC13: =IFERROR(INDEX(Performance!H:H,MATCH(Identity!A12,Performance!A:A,0)),"") | AD13: =IFERROR(INDEX(Performance!I:I,MATCH(Identity!A12,Performance!A:A,0)),"") | AE13: =IFERROR(INDEX(Conversion!B:B,MATCH(Identity!A12,Conversion!A:A,0)),"") | AF13: =IFERROR(INDEX(Conversion!C:C,MATCH(Identity!A12,Conversion!A:A,0)),"") | AG13: =IFERROR(INDEX(Conversion!D:D,MATCH(Identity!A12,Conversion!A:A,0)),"") | AH13: =IFERROR(INDEX(Conversion!E:E,MATCH(Identity!A12,Conversion!A:A,0)),"") | AI13: =IFERROR(INDEX(Conversion!F:F,MATCH(Identity!A12,Conversion!A:A,0)),"")
A14: =IF(Identity!A13="","",Identity!A13) | B14: =IF(Identity!B13="","",Identity!B13) | C14: =IF(Identity!C13="","",Identity!C13) | D14: =IF(Identity!D13="","",Identity!D13) | E14: =IF(Identity!E13="","",Identity!E13) | F14: =IF(Identity!F13="","",Identity!F13) | G14: =IFERROR(INDEX(Creative!B:B,MATCH(Identity!A13,Creative!A:A,0)),"") | H14: =IFERROR(INDEX(Creative!C:C,MATCH(Identity!A13,Creative!A:A,0)),"") | I14: =IFERROR(INDEX(Creative!D:D,MATCH(Identity!A13,Creative!A:A,0)),"") | J14: =IFERROR(INDEX(Creative!E:E,MATCH(Identity!A13,Creative!A:A,0)),"") | K14: =IFERROR(INDEX(Creative!F:F,MATCH(Identity!A13,Creative!A:A,0)),"") | L14: =IFERROR(INDEX(Creative!G:G,MATCH(Identity!A13,Creative!A:A,0)),"") | M14: =IFERROR(INDEX(Creative!H:H,MATCH(Identity!A13,Creative!A:A,0)),"") | N14: =IFERROR(INDEX(Creative!I:I,MATCH(Identity!A13,Creative!A:A,0)),"") | O14: =IFERROR(INDEX(Creative!J:J,MATCH(Identity!A13,Creative!A:A,0)),"") | P14: =IFERROR(INDEX(Creative!K:K,MATCH(Identity!A13,Creative!A:A,0)),"") | Q14: =IFERROR(INDEX(Creative!L:L,MATCH(Identity!A13,Creative!A:A,0)),"") | R14: =IFERROR(INDEX(Creative!M:M,MATCH(Identity!A13,Creative!A:A,0)),"") | S14: =IFERROR(INDEX(Creative!N:N,MATCH(Identity!A13,Creative!A:A,0)),"") | T14: =IFERROR(INDEX(Creative!O:O,MATCH(Identity!A13,Creative!A:A,0)),"") | U14: =IFERROR(INDEX(Creative!P:P,MATCH(Identity!A13,Creative!A:A,0)),"") | V14: =IFERROR(INDEX(Creative!Q:Q,MATCH(Identity!A13,Creative!A:A,0)),"") | W14: =IFERROR(INDEX(Performance!B:B,MATCH(Identity!A13,Performance!A:A,0)),"") | X14: =IFERROR(INDEX(Performance!C:C,MATCH(Identity!A13,Performance!A:A,0)),"") | Y14: =IFERROR(INDEX(Performance!D:D,MATCH(Identity!A13,Performance!A:A,0)),"") | Z14: =IFERROR(INDEX(Performance!E:E,MATCH(Identity!A13,Performance!A:A,0)),"") | AA14: =IFERROR(INDEX(Performance!F:F,MATCH(Identity!A13,Performance!A:A,0)),"") | AB14: =IFERROR(INDEX(Performance!G:G,MATCH(Identity!A13,Performance!A:A,0)),"") | AC14: =IFERROR(INDEX(Performance!H:H,MATCH(Identity!A13,Performance!A:A,0)),"") | AD14: =IFERROR(INDEX(Performance!I:I,MATCH(Identity!A13,Performance!A:A,0)),"") | AE14: =IFERROR(INDEX(Conversion!B:B,MATCH(Identity!A13,Conversion!A:A,0)),"") | AF14: =IFERROR(INDEX(Conversion!C:C,MATCH(Identity!A13,Conversion!A:A,0)),"") | AG14: =IFERROR(INDEX(Conversion!D:D,MATCH(Identity!A13,Conversion!A:A,0)),"") | AH14: =IFERROR(INDEX(Conversion!E:E,MATCH(Identity!A13,Conversion!A:A,0)),"") | AI14: =IFERROR(INDEX(Conversion!F:F,MATCH(Identity!A13,Conversion!A:A,0)),"")
... A52: =IF(Identity!A51="","",Identity!A51) | B52: =IF(Identity!B51="","",Identity!B51) | C52: =IF(Identity!C51="","",Identity!C51) | D52: =IF(Identity!D51="","",Identity!D51) | E52: =IF(Identity!E51="","",Identity!E51) | F52: =IF(Identity!F51="","",Identity!F51) | G52: =IFERROR(INDEX(Creative!B:B,MATCH(Identity!A51,Creative!A:A,0)),"") | H52: =IFERROR(INDEX(Creative!C:C,MATCH(Identity!A51,Creative!A:A,0)),"") | I52: =IFERROR(INDEX(Creative!D:D,MATCH(Identity!A51,Creative!A:A,0)),"") | J52: =IFERROR(INDEX(Creative!E:E,MATCH(Identity!A51,Creative!A:A,0)),"") | K52: =IFERROR(INDEX(Creative!F:F,MATCH(Identity!A51,Creative!A:A,0)),"") | L52: =IFERROR(INDEX(Creative!G:G,MATCH(Identity!A51,Creative!A:A,0)),"") | M52: =IFERROR(INDEX(Creative!H:H,MATCH(Identity!A51,Creative!A:A,0)),"") | N52: =IFERROR(INDEX(Creative!I:I,MATCH(Identity!A51,Creative!A:A,0)),"") | O52: =IFERROR(INDEX(Creative!J:J,MATCH(Identity!A51,Creative!A:A,0)),"") | P52: =IFERROR(INDEX(Creative!K:K,MATCH(Identity!A51,Creative!A:A,0)),"") | Q52: =IFERROR(INDEX(Creative!L:L,MATCH(Identity!A51,Creative!A:A,0)),"") | R52: =IFERROR(INDEX(Creative!M:M,MATCH(Identity!A51,Creative!A:A,0)),"") | S52: =IFERROR(INDEX(Creative!N:N,MATCH(Identity!A51,Creative!A:A,0)),"") | T52: =IFERROR(INDEX(Creative!O:O,MATCH(Identity!A51,Creative!A:A,0)),"") | U52: =IFERROR(INDEX(Creative!P:P,MATCH(Identity!A51,Creative!A:A,0)),"") | V52: =IFERROR(INDEX(Creative!Q:Q,MATCH(Identity!A51,Creative!A:A,0)),"") | W52: =IFERROR(INDEX(Performance!B:B,MATCH(Identity!A51,Performance!A:A,0)),"") | X52: =IFERROR(INDEX(Performance!C:C,MATCH(Identity!A51,Performance!A:A,0)),"") | Y52: =IFERROR(INDEX(Performance!D:D,MATCH(Identity!A51,Performance!A:A,0)),"") | Z52: =IFERROR(INDEX(Performance!E:E,MATCH(Identity!A51,Performance!A:A,0)),"") | AA52: =IFERROR(INDEX(Performance!F:F,MATCH(Identity!A51,Performance!A:A,0)),"") | AB52: =IFERROR(INDEX(Performance!G:G,MATCH(Identity!A51,Performance!A:A,0)),"") | AC52: =IFERROR(INDEX(Performance!H:H,MATCH(Identity!A51,Performance!A:A,0)),"") | AD52: =IFERROR(INDEX(Performance!I:I,MATCH(Identity!A51,Performance!A:A,0)),"") | AE52: =IFERROR(INDEX(Conversion!B:B,MATCH(Identity!A51,Conversion!A:A,0)),"") | AF52: =IFERROR(INDEX(Conversion!C:C,MATCH(Identity!A51,Conversion!A:A,0)),"") | AG52: =IFERROR(INDEX(Conversion!D:D,MATCH(Identity!A51,Conversion!A:A,0)),"") | AH52: =IFERROR(INDEX(Conversion!E:E,MATCH(Identity!A51,Conversion!A:A,0)),"") | AI52: =IFERROR(INDEX(Conversion!F:F,MATCH(Identity!A51,Conversion!A:A,0)),"")
